Model,Accuracy,ROC-AUC,PR-AUC,Resampling
Decision Tree,0.8294685990338164,0.8307216704683067,0.8749136376595941,Smote
XGBoost,0.8545893719806763,0.9348350978358195,0.9477951118476926,Smote
KNN,0.778743961352657,0.8450382762744986,0.8448684073099826,Smote
Random Forest,0.857487922705314,0.9358663490904542,0.9419944577084469,Smote
Logistic Regression,0.7888888888888889,0.8620583569632568,0.8408125052272022,Smote
SVM,0.6671497584541063,0.7511043118346935,0.7651191987514816,Smote
Naive Bayes,0.7676328502415459,0.8428095784521241,0.8212128579268854,Smote
