Model,Accuracy,ROC-AUC,PR-AUC,Resampling
Decision Tree,0.8008637236084453,0.8022464537438438,0.8558395520762335,Adasyn
XGBoost,0.8498080614203455,0.9316677541360701,0.944563929478378,Adasyn
KNN,0.7432821497120922,0.79714318101389,0.7851593371103236,Adasyn
Random Forest,0.8459692898272553,0.9323441969683567,0.9384691703782964,Adasyn
Logistic Regression,0.7437619961612284,0.8151214463711699,0.7717937222822777,Adasyn
SVM,0.6161228406909789,0.6928474925535992,0.6949414655315997,Adasyn
Naive Bayes,0.7279270633397313,0.7963478538146215,0.7652651090475598,Adasyn
