Model,Accuracy,ROC-AUC,PR-AUC,Resampling
Decision Tree,0.8303477344573235,0.8314002388822533,0.8691950538436268,Smote Tomek
XGBoost,0.875131717597471,0.9487069803616567,0.9556021826211696,Smote Tomek
KNN,0.8034773445732349,0.8715080136662869,0.865007372362956,Smote Tomek
Random Forest,0.8724973656480506,0.9471375795116804,0.9490032694095262,Smote Tomek
Logistic Regression,0.7829293993677555,0.8723874336823978,0.841050618657382,Smote Tomek
SVM,0.6743940990516333,0.7551379128357545,0.7534607206574724,Smote Tomek
Naive Bayes,0.7692307692307693,0.8473136857309518,0.8263736050100879,Smote Tomek
