Model,Accuracy,ROC-AUC,PR-AUC,Resampling
Decision Tree,0.7152406417112299,0.7178997647496264,0.7835900302599832,RUS
XGBoost,0.7526737967914439,0.8229830319411372,0.7979150906118451,RUS
KNN,0.6858288770053476,0.7470093170588697,0.7397240163108558,RUS
Random Forest,0.7606951871657754,0.8391109108980271,0.8022618084898864,RUS
Logistic Regression,0.7754010695187166,0.8527146749040049,0.819338331788074,RUS
SVM,0.6270053475935828,0.6935309722490365,0.6960044498585491,RUS
Naive Bayes,0.7566844919786097,0.8327577207170488,0.7982462129694003,RUS
