Model,Accuracy,ROC-AUC,PR-AUC,Resampling
Decision Tree,0.8183574879227054,0.8180460099586473,0.8662651348614333,Borderline Smote
XGBoost,0.8483091787439614,0.9368350436822905,0.9493359754133187,Borderline Smote
KNN,0.7739130434782608,0.827593837328401,0.8144296830469155,Borderline Smote
Random Forest,0.8545893719806763,0.9378270803124845,0.9453964761022429,Borderline Smote
Logistic Regression,0.7647342995169082,0.8344671339431518,0.7938109147879795,Borderline Smote
SVM,0.6236714975845411,0.6860687245630137,0.6893135520377859,Borderline Smote
Naive Bayes,0.7560386473429952,0.8277166164501615,0.7923122914736089,Borderline Smote
