Model,Accuracy,ROC-AUC,PR-AUC,Resampling
Decision Tree,0.8303477344573235,0.8314002388822533,0.8691950538436268,Smote Tomek
XGBoost,0.875131717597471,0.9487069803616567,0.9556021826211696,Smote Tomek
KNN,0.8034773445732349,0.8717085636510096,0.8652028666414262,Smote Tomek
Random Forest,0.8724973656480506,0.9471375795116804,0.9490032694095262,Smote Tomek
Logistic Regression,0.7818756585879874,0.8726652037443406,0.8411798638469205,Smote Tomek
SVM,0.6743940990516333,0.7551362462153829,0.7534566267524507,Smote Tomek
Naive Bayes,0.7692307692307693,0.8473136857309518,0.8263736050100879,Smote Tomek
